[{"model": "web.usuario", "pk": 1, "fields": {"password": "pbkdf2_sha256$600000$j8TS2t31tarsvvxnLc1qjQ$drEfJ2SkBlceaa3RCJFZT5/pPBCeDmF8gMLV34lFtKg=", "last_login": "2024-06-06T06:15:23.915Z", "is_superuser": true, "username": "admin", "first_name": "Administrador", "last_name": "Sistema", "is_staff": true, "is_active": true, "date_joined": "2024-05-23T21:51:58Z", "email": "correo@correo.cl", "rut": "19", "direccion": "Sistema", "telefono": "99999999", "tipo_usuario": "arrendador", "groups": [], "user_permissions": []}}, {"model": "web.usuario", "pk": 3, "fields": {"password": "pbkdf2_sha256$600000$BiqnITxX6H8ZVilvtK8PmC$HSsXxcjK9QjLL/kYlKaDyKnL72S8Kc46z6mdIgAI1Lg=", "last_login": "2024-06-06T21:49:27.469Z", "is_superuser": true, "username": "gerardo.alvarez@outlook.com", "first_name": "Gerardo Javier", "last_name": "Alvarez Alvarez", "is_staff": true, "is_active": true, "date_joined": "2024-05-27T01:18:34Z", "email": "gerardo.alvarez@outlook.com", "rut": "138693856", "direccion": "El Vergel 2353, depto. 42 - Providencia, Santiago", "telefono": "990726480", "tipo_usuario": "arrendador", "groups": [], "user_permissions": []}}, {"model": "web.usuario", "pk": 4, "fields": {"password": "pbkdf2_sha256$600000$k4EsmZCxxUb8nQRHAoc91s$Aa6xaOu3b7EbpxW+UI4F+4EHRUNNVjWr/LEsfEx4Xf8=", "last_login": "2024-06-06T04:59:55.466Z", "is_superuser": false, "username": "maria.pivet@gmail.com", "first_name": "María", "last_name": "Pivet", "is_staff": false, "is_active": true, "date_joined": "2024-05-27T01:29:43Z", "email": "maria.pivet@gmail.com", "rut": "151291074", "direccion": "El Roble 690, Antofagasta, Antofagasta", "telefono": "956725052", "tipo_usuario": "arrendador", "groups": [], "user_permissions": []}}, {"model": "web.usuario", "pk": 5, "fields": {"password": "pbkdf2_sha256$600000$jsKrTljsrIXyIwufATdoBF$7FrTRdp2AFCYde5I08pY2BB5qCFzOBII2iCPPQjiGZ8=", "last_login": "2024-06-06T21:48:53.529Z", "is_superuser": false, "username": "raul.pivet@gmail.com", "first_name": "Raúl Jaime", "last_name": "Pivet", "is_staff": false, "is_active": true, "date_joined": "2024-05-27T01:53:43.134Z", "email": "raul.pivet@gmail.com", "rut": "111111111", "direccion": "Su casa", "telefono": "9966332255", "tipo_usuario": "arrendatario", "groups": [], "user_permissions": []}}, {"model": "web.usuario", "pk": 6, "fields": {"password": "pbkdf2_sha256$600000$nPHBS4j7C0PM3JUZ2jmWSI$IkFcMFvHr1/OvL8g/1ZH+DeeyU8GvzZIIhf+SqqYzfM=", "last_login": null, "is_superuser": false, "username": "correo@prueba.cl", "first_name": "Arrendatario", "last_name": "Que arrienda", "is_staff": false, "is_active": true, "date_joined": "2024-05-27T02:27:45.577Z", "email": "correo@prueba.cl", "rut": "1999", "direccion": "Su dirección porque sí.", "telefono": "96857412", "tipo_usuario": "arrendatario", "groups": [], "user_permissions": []}}, {"model": "web.usuario", "pk": 7, "fields": {"password": "pbkdf2_sha256$600000$aOmbwXP2ssbkwtiD1iNRdl$HnSg1YldIRWq8Kf4WkxTSoF2fAKTdB1ndToHzqW0mUY=", "last_login": "2024-06-06T03:42:34.975Z", "is_superuser": false, "username": "correo.correo@correo.cl", "first_name": "Nuevo", "last_name": "Arrendatario", "is_staff": false, "is_active": true, "date_joined": "2024-06-06T03:20:25.601Z", "email": "correo.correo@correo.cl", "rut": "20", "direccion": "Su casa", "telefono": "58693214", "tipo_usuario": "arrendatario", "groups": [], "user_permissions": []}}, {"model": "web.region", "pk": 1, "fields": {"nombre": "Tarapacá"}}, {"model": "web.region", "pk": 2, "fields": {"nombre": "Antofagasta"}}, {"model": "web.region", "pk": 3, "fields": {"nombre": "Atacama"}}, {"model": "web.region", "pk": 4, "fields": {"nombre": "Coquimbo"}}, {"model": "web.region", "pk": 5, "fields": {"nombre": "Valparaíso"}}, {"model": "web.region", "pk": 6, "fields": {"nombre": "Región del Libertador Gral. Bernardo O’Higgins"}}, {"model": "web.region", "pk": 7, "fields": {"nombre": "Región del Maule"}}, {"model": "web.region", "pk": 8, "fields": {"nombre": "Región del Biobío"}}, {"model": "web.region", "pk": 9, "fields": {"nombre": "Región de la Araucanía"}}, {"model": "web.region", "pk": 10, "fields": {"nombre": "Región de Los Lagos"}}, {"model": "web.region", "pk": 11, "fields": {"nombre": "Región Aisén del Gral. Carlos Ibáñez del Campo"}}, {"model": "web.region", "pk": 12, "fields": {"nombre": "Región de Magallanes y de la Antártica Chilena"}}, {"model": "web.region", "pk": 13, "fields": {"nombre": "Región Metropolitana de Santiago"}}, {"model": "web.region", "pk": 14, "fields": {"nombre": "Región de Los Ríos"}}, {"model": "web.region", "pk": 15, "fields": {"nombre": "Arica y Parinacota"}}, {"model": "web.region", "pk": 16, "fields": {"nombre": "Región de Ñuble"}}, {"model": "web.comuna", "pk": 1, "fields": {"nombre": "Arica", "region": 15}}, {"model": "web.comuna", "pk": 2, "fields": {"nombre": "Camarones", "region": 15}}, {"model": "web.comuna", "pk": 3, "fields": {"nombre": "Putre", "region": 15}}, {"model": "web.comuna", "pk": 4, "fields": {"nombre": "General Lagos", "region": 15}}, {"model": "web.comuna", "pk": 5, "fields": {"nombre": "Iquique", "region": 1}}, {"model": "web.comuna", "pk": 6, "fields": {"nombre": "Alto Hospicio", "region": 1}}, {"model": "web.comuna", "pk": 7, "fields": {"nombre": "Pozo Almonte", "region": 1}}, {"model": "web.comuna", "pk": 8, "fields": {"nombre": "Camiña", "region": 1}}, {"model": "web.comuna", "pk": 9, "fields": {"nombre": "Colchane", "region": 1}}, {"model": "web.comuna", "pk": 10, "fields": {"nombre": "Huara", "region": 1}}, {"model": "web.comuna", "pk": 11, "fields": {"nombre": "Pica", "region": 1}}, {"model": "web.comuna", "pk": 12, "fields": {"nombre": "Antofagasta", "region": 2}}, {"model": "web.comuna", "pk": 13, "fields": {"nombre": "Mejillones", "region": 2}}, {"model": "web.comuna", "pk": 14, "fields": {"nombre": "Sierra Gorda", "region": 2}}, {"model": "web.comuna", "pk": 15, "fields": {"nombre": "Taltal", "region": 2}}, {"model": "web.comuna", "pk": 16, "fields": {"nombre": "Calama", "region": 2}}, {"model": "web.comuna", "pk": 17, "fields": {"nombre": "Ollagüe", "region": 2}}, {"model": "web.comuna", "pk": 18, "fields": {"nombre": "San Pedro de Atacama", "region": 2}}, {"model": "web.comuna", "pk": 19, "fields": {"nombre": "Tocopilla", "region": 2}}, {"model": "web.comuna", "pk": 20, "fields": {"nombre": "María Elena", "region": 2}}, {"model": "web.comuna", "pk": 21, "fields": {"nombre": "Copiapó", "region": 3}}, {"model": "web.comuna", "pk": 22, "fields": {"nombre": "Caldera", "region": 3}}, {"model": "web.comuna", "pk": 23, "fields": {"nombre": "Tierra Amarilla", "region": 3}}, {"model": "web.comuna", "pk": 24, "fields": {"nombre": "Chañaral", "region": 3}}, {"model": "web.comuna", "pk": 25, "fields": {"nombre": "Diego de Almagro", "region": 3}}, {"model": "web.comuna", "pk": 26, "fields": {"nombre": "Vallenar", "region": 3}}, {"model": "web.comuna", "pk": 27, "fields": {"nombre": "Alto del Carmen", "region": 3}}, {"model": "web.comuna", "pk": 28, "fields": {"nombre": "Freirina", "region": 3}}, {"model": "web.comuna", "pk": 29, "fields": {"nombre": "Huasco", "region": 3}}, {"model": "web.comuna", "pk": 30, "fields": {"nombre": "La Serena", "region": 4}}, {"model": "web.comuna", "pk": 31, "fields": {"nombre": "Coquimbo", "region": 4}}, {"model": "web.comuna", "pk": 32, "fields": {"nombre": "Andacollo", "region": 4}}, {"model": "web.comuna", "pk": 33, "fields": {"nombre": "La Higuera", "region": 4}}, {"model": "web.comuna", "pk": 34, "fields": {"nombre": "Paiguano", "region": 4}}, {"model": "web.comuna", "pk": 35, "fields": {"nombre": "Vicuña", "region": 4}}, {"model": "web.comuna", "pk": 36, "fields": {"nombre": "Illapel", "region": 4}}, {"model": "web.comuna", "pk": 37, "fields": {"nombre": "Canela", "region": 4}}, {"model": "web.comuna", "pk": 38, "fields": {"nombre": "Los Vilos", "region": 4}}, {"model": "web.comuna", "pk": 39, "fields": {"nombre": "Salamanca", "region": 4}}, {"model": "web.comuna", "pk": 40, "fields": {"nombre": "Ovalle", "region": 4}}, {"model": "web.comuna", "pk": 41, "fields": {"nombre": "Combarbalá", "region": 4}}, {"model": "web.comuna", "pk": 42, "fields": {"nombre": "Monte Patria", "region": 4}}, {"model": "web.comuna", "pk": 43, "fields": {"nombre": "Punitaqui", "region": 4}}, {"model": "web.comuna", "pk": 44, "fields": {"nombre": "Río Hurtado", "region": 4}}, {"model": "web.comuna", "pk": 45, "fields": {"nombre": "Valparaíso", "region": 5}}, {"model": "web.comuna", "pk": 46, "fields": {"nombre": "Casablanca", "region": 5}}, {"model": "web.comuna", "pk": 47, "fields": {"nombre": "Concón", "region": 5}}, {"model": "web.comuna", "pk": 48, "fields": {"nombre": "Juan Fernández", "region": 5}}, {"model": "web.comuna", "pk": 49, "fields": {"nombre": "Puchuncaví", "region": 5}}, {"model": "web.comuna", "pk": 50, "fields": {"nombre": "Quintero", "region": 5}}, {"model": "web.comuna", "pk": 51, "fields": {"nombre": "Viña del Mar", "region": 5}}, {"model": "web.comuna", "pk": 52, "fields": {"nombre": "Isla de Pascua", "region": 5}}, {"model": "web.comuna", "pk": 53, "fields": {"nombre": "Los Andes", "region": 5}}, {"model": "web.comuna", "pk": 54, "fields": {"nombre": "Calle Larga", "region": 5}}, {"model": "web.comuna", "pk": 55, "fields": {"nombre": "Rinconada", "region": 5}}, {"model": "web.comuna", "pk": 56, "fields": {"nombre": "San Esteban", "region": 5}}, {"model": "web.comuna", "pk": 57, "fields": {"nombre": "La Ligua", "region": 5}}, {"model": "web.comuna", "pk": 58, "fields": {"nombre": "Cabildo", "region": 5}}, {"model": "web.comuna", "pk": 59, "fields": {"nombre": "Papudo", "region": 5}}, {"model": "web.comuna", "pk": 60, "fields": {"nombre": "Petorca", "region": 5}}, {"model": "web.comuna", "pk": 61, "fields": {"nombre": "Zapallar", "region": 5}}, {"model": "web.comuna", "pk": 62, "fields": {"nombre": "Quillota", "region": 5}}, {"model": "web.comuna", "pk": 63, "fields": {"nombre": "Calera", "region": 5}}, {"model": "web.comuna", "pk": 64, "fields": {"nombre": "Hijuelas", "region": 5}}, {"model": "web.comuna", "pk": 65, "fields": {"nombre": "La Cruz", "region": 5}}, {"model": "web.comuna", "pk": 66, "fields": {"nombre": "Nogales", "region": 5}}, {"model": "web.comuna", "pk": 67, "fields": {"nombre": "San Antonio", "region": 5}}, {"model": "web.comuna", "pk": 68, "fields": {"nombre": "Algarrobo", "region": 5}}, {"model": "web.comuna", "pk": 69, "fields": {"nombre": "Cartagena", "region": 5}}, {"model": "web.comuna", "pk": 70, "fields": {"nombre": "El Quisco", "region": 5}}, {"model": "web.comuna", "pk": 71, "fields": {"nombre": "El Tabo", "region": 5}}, {"model": "web.comuna", "pk": 72, "fields": {"nombre": "Santo Domingo", "region": 5}}, {"model": "web.comuna", "pk": 73, "fields": {"nombre": "San Felipe", "region": 5}}, {"model": "web.comuna", "pk": 74, "fields": {"nombre": "Catemu", "region": 5}}, {"model": "web.comuna", "pk": 75, "fields": {"nombre": "Llaillay", "region": 5}}, {"model": "web.comuna", "pk": 76, "fields": {"nombre": "Panquehue", "region": 5}}, {"model": "web.comuna", "pk": 77, "fields": {"nombre": "Putaendo", "region": 5}}, {"model": "web.comuna", "pk": 78, "fields": {"nombre": "Santa María", "region": 5}}, {"model": "web.comuna", "pk": 79, "fields": {"nombre": "Quilpué", "region": 5}}, {"model": "web.comuna", "pk": 80, "fields": {"nombre": "Limache", "region": 5}}, {"model": "web.comuna", "pk": 81, "fields": {"nombre": "Olmué", "region": 5}}, {"model": "web.comuna", "pk": 82, "fields": {"nombre": "Villa Alemana", "region": 5}}, {"model": "web.comuna", "pk": 83, "fields": {"nombre": "Rancagua", "region": 6}}, {"model": "web.comuna", "pk": 84, "fields": {"nombre": "Codegua", "region": 6}}, {"model": "web.comuna", "pk": 85, "fields": {"nombre": "Coinco", "region": 6}}, {"model": "web.comuna", "pk": 86, "fields": {"nombre": "Coltauco", "region": 6}}, {"model": "web.comuna", "pk": 87, "fields": {"nombre": "Doñihue", "region": 6}}, {"model": "web.comuna", "pk": 88, "fields": {"nombre": "Graneros", "region": 6}}, {"model": "web.comuna", "pk": 89, "fields": {"nombre": "Las Cabras", "region": 6}}, {"model": "web.comuna", "pk": 90, "fields": {"nombre": "Machalí", "region": 6}}, {"model": "web.comuna", "pk": 91, "fields": {"nombre": "Malloa", "region": 6}}, {"model": "web.comuna", "pk": 92, "fields": {"nombre": "Mostazal", "region": 6}}, {"model": "web.comuna", "pk": 93, "fields": {"nombre": "Olivar", "region": 6}}, {"model": "web.comuna", "pk": 94, "fields": {"nombre": "Peumo", "region": 6}}, {"model": "web.comuna", "pk": 95, "fields": {"nombre": "Pichidegua", "region": 6}}, {"model": "web.comuna", "pk": 96, "fields": {"nombre": "Quinta de Tilcoco", "region": 6}}, {"model": "web.comuna", "pk": 97, "fields": {"nombre": "Rengo", "region": 6}}, {"model": "web.comuna", "pk": 98, "fields": {"nombre": "Requínoa", "region": 6}}, {"model": "web.comuna", "pk": 99, "fields": {"nombre": "San Vicente", "region": 6}}, {"model": "web.comuna", "pk": 100, "fields": {"nombre": "Pichilemu", "region": 6}}, {"model": "web.comuna", "pk": 101, "fields": {"nombre": "La Estrella", "region": 6}}, {"model": "web.comuna", "pk": 102, "fields": {"nombre": "Litueche", "region": 6}}, {"model": "web.comuna", "pk": 103, "fields": {"nombre": "Marchihue", "region": 6}}, {"model": "web.comuna", "pk": 104, "fields": {"nombre": "Navidad", "region": 6}}, {"model": "web.comuna", "pk": 105, "fields": {"nombre": "Paredones", "region": 6}}, {"model": "web.comuna", "pk": 106, "fields": {"nombre": "San Fernando", "region": 6}}, {"model": "web.comuna", "pk": 107, "fields": {"nombre": "Chépica", "region": 6}}, {"model": "web.comuna", "pk": 108, "fields": {"nombre": "Chimbarongo", "region": 6}}, {"model": "web.comuna", "pk": 109, "fields": {"nombre": "Lolol", "region": 6}}, {"model": "web.comuna", "pk": 110, "fields": {"nombre": "Nancagua", "region": 6}}, {"model": "web.comuna", "pk": 111, "fields": {"nombre": "Palmilla", "region": 6}}, {"model": "web.comuna", "pk": 112, "fields": {"nombre": "Peralillo", "region": 6}}, {"model": "web.comuna", "pk": 113, "fields": {"nombre": "Placilla", "region": 6}}, {"model": "web.comuna", "pk": 114, "fields": {"nombre": "Pumanque", "region": 6}}, {"model": "web.comuna", "pk": 115, "fields": {"nombre": "Santa Cruz", "region": 6}}, {"model": "web.comuna", "pk": 116, "fields": {"nombre": "Talca", "region": 7}}, {"model": "web.comuna", "pk": 117, "fields": {"nombre": "Constitución", "region": 7}}, {"model": "web.comuna", "pk": 118, "fields": {"nombre": "Curepto", "region": 7}}, {"model": "web.comuna", "pk": 119, "fields": {"nombre": "Empedrado", "region": 7}}, {"model": "web.comuna", "pk": 120, "fields": {"nombre": "Maule", "region": 7}}, {"model": "web.comuna", "pk": 121, "fields": {"nombre": "Pelarco", "region": 7}}, {"model": "web.comuna", "pk": 122, "fields": {"nombre": "Pencahue", "region": 7}}, {"model": "web.comuna", "pk": 123, "fields": {"nombre": "Río Claro", "region": 7}}, {"model": "web.comuna", "pk": 124, "fields": {"nombre": "San Clemente", "region": 7}}, {"model": "web.comuna", "pk": 125, "fields": {"nombre": "San Rafael", "region": 7}}, {"model": "web.comuna", "pk": 126, "fields": {"nombre": "Cauquenes", "region": 7}}, {"model": "web.comuna", "pk": 127, "fields": {"nombre": "Chanco", "region": 7}}, {"model": "web.comuna", "pk": 128, "fields": {"nombre": "Pelluhue", "region": 7}}, {"model": "web.comuna", "pk": 129, "fields": {"nombre": "Curicó", "region": 7}}, {"model": "web.comuna", "pk": 130, "fields": {"nombre": "Hualañé", "region": 7}}, {"model": "web.comuna", "pk": 131, "fields": {"nombre": "Licantén", "region": 7}}, {"model": "web.comuna", "pk": 132, "fields": {"nombre": "Molina", "region": 7}}, {"model": "web.comuna", "pk": 133, "fields": {"nombre": "Rauco", "region": 7}}, {"model": "web.comuna", "pk": 134, "fields": {"nombre": "Romeral", "region": 7}}, {"model": "web.comuna", "pk": 135, "fields": {"nombre": "Sagrada Familia", "region": 7}}, {"model": "web.comuna", "pk": 136, "fields": {"nombre": "Teno", "region": 7}}, {"model": "web.comuna", "pk": 137, "fields": {"nombre": "Vichuquén", "region": 7}}, {"model": "web.comuna", "pk": 138, "fields": {"nombre": "Linares", "region": 7}}, {"model": "web.comuna", "pk": 139, "fields": {"nombre": "Colbún", "region": 7}}, {"model": "web.comuna", "pk": 140, "fields": {"nombre": "Longaví", "region": 7}}, {"model": "web.comuna", "pk": 141, "fields": {"nombre": "Parral", "region": 7}}, {"model": "web.comuna", "pk": 142, "fields": {"nombre": "Retiro", "region": 7}}, {"model": "web.comuna", "pk": 143, "fields": {"nombre": "San Javier", "region": 7}}, {"model": "web.comuna", "pk": 144, "fields": {"nombre": "Villa Alegre", "region": 7}}, {"model": "web.comuna", "pk": 145, "fields": {"nombre": "Yerbas Buenas", "region": 7}}, {"model": "web.comuna", "pk": 146, "fields": {"nombre": "Cobquecura", "region": 16}}, {"model": "web.comuna", "pk": 147, "fields": {"nombre": "Coelemu", "region": 16}}, {"model": "web.comuna", "pk": 148, "fields": {"nombre": "Ninhue", "region": 16}}, {"model": "web.comuna", "pk": 149, "fields": {"nombre": "Portezuelo", "region": 16}}, {"model": "web.comuna", "pk": 150, "fields": {"nombre": "Quirihue", "region": 16}}, {"model": "web.comuna", "pk": 151, "fields": {"nombre": "Ránquil", "region": 16}}, {"model": "web.comuna", "pk": 152, "fields": {"nombre": "Treguaco", "region": 16}}, {"model": "web.comuna", "pk": 153, "fields": {"nombre": "Bulnes", "region": 16}}, {"model": "web.comuna", "pk": 154, "fields": {"nombre": "Chillán Viejo", "region": 16}}, {"model": "web.comuna", "pk": 155, "fields": {"nombre": "Chillán", "region": 16}}, {"model": "web.comuna", "pk": 156, "fields": {"nombre": "El Carmen", "region": 16}}, {"model": "web.comuna", "pk": 157, "fields": {"nombre": "Pemuco", "region": 16}}, {"model": "web.comuna", "pk": 158, "fields": {"nombre": "Pinto", "region": 16}}, {"model": "web.comuna", "pk": 159, "fields": {"nombre": "Quillón", "region": 16}}, {"model": "web.comuna", "pk": 160, "fields": {"nombre": "San Ignacio", "region": 16}}, {"model": "web.comuna", "pk": 161, "fields": {"nombre": "Yungay", "region": 16}}, {"model": "web.comuna", "pk": 162, "fields": {"nombre": "Coihueco", "region": 16}}, {"model": "web.comuna", "pk": 163, "fields": {"nombre": "Ñiquén", "region": 16}}, {"model": "web.comuna", "pk": 164, "fields": {"nombre": "San Carlos", "region": 16}}, {"model": "web.comuna", "pk": 165, "fields": {"nombre": "San Fabián", "region": 16}}, {"model": "web.comuna", "pk": 166, "fields": {"nombre": "San Nicolás", "region": 16}}, {"model": "web.comuna", "pk": 167, "fields": {"nombre": "Concepción", "region": 8}}, {"model": "web.comuna", "pk": 168, "fields": {"nombre": "Coronel", "region": 8}}, {"model": "web.comuna", "pk": 169, "fields": {"nombre": "Chiguayante", "region": 8}}, {"model": "web.comuna", "pk": 170, "fields": {"nombre": "Florida", "region": 8}}, {"model": "web.comuna", "pk": 171, "fields": {"nombre": "Hualqui", "region": 8}}, {"model": "web.comuna", "pk": 172, "fields": {"nombre": "Lota", "region": 8}}, {"model": "web.comuna", "pk": 173, "fields": {"nombre": "Penco", "region": 8}}, {"model": "web.comuna", "pk": 174, "fields": {"nombre": "San Pedro de la Paz", "region": 8}}, {"model": "web.comuna", "pk": 175, "fields": {"nombre": "Santa Juana", "region": 8}}, {"model": "web.comuna", "pk": 176, "fields": {"nombre": "Talcahuano", "region": 8}}, {"model": "web.comuna", "pk": 177, "fields": {"nombre": "Tomé", "region": 8}}, {"model": "web.comuna", "pk": 178, "fields": {"nombre": "Hualpén", "region": 8}}, {"model": "web.comuna", "pk": 179, "fields": {"nombre": "Lebu", "region": 8}}, {"model": "web.comuna", "pk": 180, "fields": {"nombre": "Arauco", "region": 8}}, {"model": "web.comuna", "pk": 181, "fields": {"nombre": "Cañete", "region": 8}}, {"model": "web.comuna", "pk": 182, "fields": {"nombre": "Contulmo", "region": 8}}, {"model": "web.comuna", "pk": 183, "fields": {"nombre": "Curanilahue", "region": 8}}, {"model": "web.comuna", "pk": 184, "fields": {"nombre": "Los Álamos", "region": 8}}, {"model": "web.comuna", "pk": 185, "fields": {"nombre": "Tirúa", "region": 8}}, {"model": "web.comuna", "pk": 186, "fields": {"nombre": "Los Ángeles", "region": 8}}, {"model": "web.comuna", "pk": 187, "fields": {"nombre": "Antuco", "region": 8}}, {"model": "web.comuna", "pk": 188, "fields": {"nombre": "Cabrero", "region": 8}}, {"model": "web.comuna", "pk": 189, "fields": {"nombre": "Laja", "region": 8}}, {"model": "web.comuna", "pk": 190, "fields": {"nombre": "Mulchén", "region": 8}}, {"model": "web.comuna", "pk": 191, "fields": {"nombre": "Nacimiento", "region": 8}}, {"model": "web.comuna", "pk": 192, "fields": {"nombre": "Negrete", "region": 8}}, {"model": "web.comuna", "pk": 193, "fields": {"nombre": "Quilaco", "region": 8}}, {"model": "web.comuna", "pk": 194, "fields": {"nombre": "Quilleco", "region": 8}}, {"model": "web.comuna", "pk": 195, "fields": {"nombre": "San Rosendo", "region": 8}}, {"model": "web.comuna", "pk": 196, "fields": {"nombre": "Santa Bárbara", "region": 8}}, {"model": "web.comuna", "pk": 197, "fields": {"nombre": "Tucapel", "region": 8}}, {"model": "web.comuna", "pk": 198, "fields": {"nombre": "Yumbel", "region": 8}}, {"model": "web.comuna", "pk": 199, "fields": {"nombre": "Alto Biobío", "region": 8}}, {"model": "web.comuna", "pk": 200, "fields": {"nombre": "Temuco", "region": 9}}, {"model": "web.comuna", "pk": 201, "fields": {"nombre": "Carahue", "region": 9}}, {"model": "web.comuna", "pk": 202, "fields": {"nombre": "Cunco", "region": 9}}, {"model": "web.comuna", "pk": 203, "fields": {"nombre": "Curarrehue", "region": 9}}, {"model": "web.comuna", "pk": 204, "fields": {"nombre": "Freire", "region": 9}}, {"model": "web.comuna", "pk": 205, "fields": {"nombre": "Galvarino", "region": 9}}, {"model": "web.comuna", "pk": 206, "fields": {"nombre": "Gorbea", "region": 9}}, {"model": "web.comuna", "pk": 207, "fields": {"nombre": "Lautaro", "region": 9}}, {"model": "web.comuna", "pk": 208, "fields": {"nombre": "Loncoche", "region": 9}}, {"model": "web.comuna", "pk": 209, "fields": {"nombre": "Melipeuco", "region": 9}}, {"model": "web.comuna", "pk": 210, "fields": {"nombre": "Nueva Imperial", "region": 9}}, {"model": "web.comuna", "pk": 211, "fields": {"nombre": "Padre las Casas", "region": 9}}, {"model": "web.comuna", "pk": 212, "fields": {"nombre": "Perquenco", "region": 9}}, {"model": "web.comuna", "pk": 213, "fields": {"nombre": "Pitrufquén", "region": 9}}, {"model": "web.comuna", "pk": 214, "fields": {"nombre": "Pucón", "region": 9}}, {"model": "web.comuna", "pk": 215, "fields": {"nombre": "Saavedra", "region": 9}}, {"model": "web.comuna", "pk": 216, "fields": {"nombre": "Teodoro Schmidt", "region": 9}}, {"model": "web.comuna", "pk": 217, "fields": {"nombre": "Toltén", "region": 9}}, {"model": "web.comuna", "pk": 218, "fields": {"nombre": "Vilcún", "region": 9}}, {"model": "web.comuna", "pk": 219, "fields": {"nombre": "Villarrica", "region": 9}}, {"model": "web.comuna", "pk": 220, "fields": {"nombre": "Cholchol", "region": 9}}, {"model": "web.comuna", "pk": 221, "fields": {"nombre": "Angol", "region": 9}}, {"model": "web.comuna", "pk": 222, "fields": {"nombre": "Collipulli", "region": 9}}, {"model": "web.comuna", "pk": 223, "fields": {"nombre": "Curacautín", "region": 9}}, {"model": "web.comuna", "pk": 224, "fields": {"nombre": "Ercilla", "region": 9}}, {"model": "web.comuna", "pk": 225, "fields": {"nombre": "Lonquimay", "region": 9}}, {"model": "web.comuna", "pk": 226, "fields": {"nombre": "Los Sauces", "region": 9}}, {"model": "web.comuna", "pk": 227, "fields": {"nombre": "Lumaco", "region": 9}}, {"model": "web.comuna", "pk": 228, "fields": {"nombre": "Purén", "region": 9}}, {"model": "web.comuna", "pk": 229, "fields": {"nombre": "Renaico", "region": 9}}, {"model": "web.comuna", "pk": 230, "fields": {"nombre": "Traiguén", "region": 9}}, {"model": "web.comuna", "pk": 231, "fields": {"nombre": "Victoria", "region": 9}}, {"model": "web.comuna", "pk": 232, "fields": {"nombre": "Valdivia", "region": 14}}, {"model": "web.comuna", "pk": 233, "fields": {"nombre": "Corral", "region": 14}}, {"model": "web.comuna", "pk": 234, "fields": {"nombre": "Lanco", "region": 14}}, {"model": "web.comuna", "pk": 235, "fields": {"nombre": "Los Lagos", "region": 14}}, {"model": "web.comuna", "pk": 236, "fields": {"nombre": "Máfil", "region": 14}}, {"model": "web.comuna", "pk": 237, "fields": {"nombre": "Mariquina", "region": 14}}, {"model": "web.comuna", "pk": 238, "fields": {"nombre": "Paillaco", "region": 14}}, {"model": "web.comuna", "pk": 239, "fields": {"nombre": "Panguipulli", "region": 14}}, {"model": "web.comuna", "pk": 240, "fields": {"nombre": "La Unión", "region": 14}}, {"model": "web.comuna", "pk": 241, "fields": {"nombre": "Futrono", "region": 14}}, {"model": "web.comuna", "pk": 242, "fields": {"nombre": "Lago Ranco", "region": 14}}, {"model": "web.comuna", "pk": 243, "fields": {"nombre": "Río Bueno", "region": 14}}, {"model": "web.comuna", "pk": 244, "fields": {"nombre": "Puerto Montt", "region": 10}}, {"model": "web.comuna", "pk": 245, "fields": {"nombre": "Calbuco", "region": 10}}, {"model": "web.comuna", "pk": 246, "fields": {"nombre": "Cochamó", "region": 10}}, {"model": "web.comuna", "pk": 247, "fields": {"nombre": "Fresia", "region": 10}}, {"model": "web.comuna", "pk": 248, "fields": {"nombre": "Frutillar", "region": 10}}, {"model": "web.comuna", "pk": 249, "fields": {"nombre": "Los Muermos", "region": 10}}, {"model": "web.comuna", "pk": 250, "fields": {"nombre": "Llanquihue", "region": 10}}, {"model": "web.comuna", "pk": 251, "fields": {"nombre": "Maullín", "region": 10}}, {"model": "web.comuna", "pk": 252, "fields": {"nombre": "Puerto Varas", "region": 10}}, {"model": "web.comuna", "pk": 253, "fields": {"nombre": "Castro", "region": 10}}, {"model": "web.comuna", "pk": 254, "fields": {"nombre": "Ancud", "region": 10}}, {"model": "web.comuna", "pk": 255, "fields": {"nombre": "Chonchi", "region": 10}}, {"model": "web.comuna", "pk": 256, "fields": {"nombre": "Curaco de Vélez", "region": 10}}, {"model": "web.comuna", "pk": 257, "fields": {"nombre": "Dalcahue", "region": 10}}, {"model": "web.comuna", "pk": 258, "fields": {"nombre": "Puqueldón", "region": 10}}, {"model": "web.comuna", "pk": 259, "fields": {"nombre": "Queilén", "region": 10}}, {"model": "web.comuna", "pk": 260, "fields": {"nombre": "Quellón", "region": 10}}, {"model": "web.comuna", "pk": 261, "fields": {"nombre": "Quemchi", "region": 10}}, {"model": "web.comuna", "pk": 262, "fields": {"nombre": "Quinchao", "region": 10}}, {"model": "web.comuna", "pk": 263, "fields": {"nombre": "Osorno", "region": 10}}, {"model": "web.comuna", "pk": 264, "fields": {"nombre": "Puerto Octay", "region": 10}}, {"model": "web.comuna", "pk": 265, "fields": {"nombre": "Purranque", "region": 10}}, {"model": "web.comuna", "pk": 266, "fields": {"nombre": "Puyehue", "region": 10}}, {"model": "web.comuna", "pk": 267, "fields": {"nombre": "Río Negro", "region": 10}}, {"model": "web.comuna", "pk": 268, "fields": {"nombre": "San Juan de la Costa", "region": 10}}, {"model": "web.comuna", "pk": 269, "fields": {"nombre": "San Pablo", "region": 10}}, {"model": "web.comuna", "pk": 270, "fields": {"nombre": "Chaitén", "region": 10}}, {"model": "web.comuna", "pk": 271, "fields": {"nombre": "Futaleufú", "region": 10}}, {"model": "web.comuna", "pk": 272, "fields": {"nombre": "Hualaihué", "region": 10}}, {"model": "web.comuna", "pk": 273, "fields": {"nombre": "Palena", "region": 10}}, {"model": "web.comuna", "pk": 274, "fields": {"nombre": "Coihaique", "region": 11}}, {"model": "web.comuna", "pk": 275, "fields": {"nombre": "Lago Verde", "region": 11}}, {"model": "web.comuna", "pk": 276, "fields": {"nombre": "Aisén", "region": 11}}, {"model": "web.comuna", "pk": 277, "fields": {"nombre": "Cisnes", "region": 11}}, {"model": "web.comuna", "pk": 278, "fields": {"nombre": "Guaitecas", "region": 11}}, {"model": "web.comuna", "pk": 279, "fields": {"nombre": "Cochrane", "region": 11}}, {"model": "web.comuna", "pk": 280, "fields": {"nombre": "O’Higgins", "region": 11}}, {"model": "web.comuna", "pk": 281, "fields": {"nombre": "Tortel", "region": 11}}, {"model": "web.comuna", "pk": 282, "fields": {"nombre": "Chile Chico", "region": 11}}, {"model": "web.comuna", "pk": 283, "fields": {"nombre": "Río Ibáñez", "region": 11}}, {"model": "web.comuna", "pk": 284, "fields": {"nombre": "Punta Arenas", "region": 12}}, {"model": "web.comuna", "pk": 285, "fields": {"nombre": "Laguna Blanca", "region": 12}}, {"model": "web.comuna", "pk": 286, "fields": {"nombre": "Río Verde", "region": 12}}, {"model": "web.comuna", "pk": 287, "fields": {"nombre": "San Gregorio", "region": 12}}, {"model": "web.comuna", "pk": 288, "fields": {"nombre": "Cabo de Hornos (Ex Navarino)", "region": 12}}, {"model": "web.comuna", "pk": 289, "fields": {"nombre": "Antártica", "region": 12}}, {"model": "web.comuna", "pk": 290, "fields": {"nombre": "Porvenir", "region": 12}}, {"model": "web.comuna", "pk": 291, "fields": {"nombre": "Primavera", "region": 12}}, {"model": "web.comuna", "pk": 292, "fields": {"nombre": "Timaukel", "region": 12}}, {"model": "web.comuna", "pk": 293, "fields": {"nombre": "Natales", "region": 12}}, {"model": "web.comuna", "pk": 294, "fields": {"nombre": "Torres del Paine", "region": 12}}, {"model": "web.comuna", "pk": 295, "fields": {"nombre": "Cerrillos", "region": 13}}, {"model": "web.comuna", "pk": 296, "fields": {"nombre": "Cerro Navia", "region": 13}}, {"model": "web.comuna", "pk": 297, "fields": {"nombre": "Conchalí", "region": 13}}, {"model": "web.comuna", "pk": 298, "fields": {"nombre": "El Bosque", "region": 13}}, {"model": "web.comuna", "pk": 299, "fields": {"nombre": "Estación Central", "region": 13}}, {"model": "web.comuna", "pk": 300, "fields": {"nombre": "Huechuraba", "region": 13}}, {"model": "web.comuna", "pk": 301, "fields": {"nombre": "Independencia", "region": 13}}, {"model": "web.comuna", "pk": 302, "fields": {"nombre": "La Cisterna", "region": 13}}, {"model": "web.comuna", "pk": 303, "fields": {"nombre": "La Florida", "region": 13}}, {"model": "web.comuna", "pk": 304, "fields": {"nombre": "La Granja", "region": 13}}, {"model": "web.comuna", "pk": 305, "fields": {"nombre": "La Pintana", "region": 13}}, {"model": "web.comuna", "pk": 306, "fields": {"nombre": "La Reina", "region": 13}}, {"model": "web.comuna", "pk": 307, "fields": {"nombre": "Las Condes", "region": 13}}, {"model": "web.comuna", "pk": 308, "fields": {"nombre": "Lo Barnechea", "region": 13}}, {"model": "web.comuna", "pk": 309, "fields": {"nombre": "Lo Espejo", "region": 13}}, {"model": "web.comuna", "pk": 310, "fields": {"nombre": "Lo Prado", "region": 13}}, {"model": "web.comuna", "pk": 311, "fields": {"nombre": "Macul", "region": 13}}, {"model": "web.comuna", "pk": 312, "fields": {"nombre": "Maipú", "region": 13}}, {"model": "web.comuna", "pk": 313, "fields": {"nombre": "Ñuñoa", "region": 13}}, {"model": "web.comuna", "pk": 314, "fields": {"nombre": "Pedro Aguirre Cerda", "region": 13}}, {"model": "web.comuna", "pk": 315, "fields": {"nombre": "Peñalolén", "region": 13}}, {"model": "web.comuna", "pk": 316, "fields": {"nombre": "Providencia", "region": 13}}, {"model": "web.comuna", "pk": 317, "fields": {"nombre": "Pudahuel", "region": 13}}, {"model": "web.comuna", "pk": 318, "fields": {"nombre": "Quilicura", "region": 13}}, {"model": "web.comuna", "pk": 319, "fields": {"nombre": "Quinta Normal", "region": 13}}, {"model": "web.comuna", "pk": 320, "fields": {"nombre": "Recoleta", "region": 13}}, {"model": "web.comuna", "pk": 321, "fields": {"nombre": "Renca", "region": 13}}, {"model": "web.comuna", "pk": 322, "fields": {"nombre": "Santiago", "region": 13}}, {"model": "web.comuna", "pk": 323, "fields": {"nombre": "San Joaquín", "region": 13}}, {"model": "web.comuna", "pk": 324, "fields": {"nombre": "San Miguel", "region": 13}}, {"model": "web.comuna", "pk": 325, "fields": {"nombre": "San Ramón", "region": 13}}, {"model": "web.comuna", "pk": 326, "fields": {"nombre": "Vitacura", "region": 13}}, {"model": "web.comuna", "pk": 327, "fields": {"nombre": "Puente Alto", "region": 13}}, {"model": "web.comuna", "pk": 328, "fields": {"nombre": "Pirque", "region": 13}}, {"model": "web.comuna", "pk": 329, "fields": {"nombre": "San José de Maipo", "region": 13}}, {"model": "web.comuna", "pk": 330, "fields": {"nombre": "Colina", "region": 13}}, {"model": "web.comuna", "pk": 331, "fields": {"nombre": "Lampa", "region": 13}}, {"model": "web.comuna", "pk": 332, "fields": {"nombre": "Tiltil", "region": 13}}, {"model": "web.comuna", "pk": 333, "fields": {"nombre": "San Bernardo", "region": 13}}, {"model": "web.comuna", "pk": 334, "fields": {"nombre": "Buin", "region": 13}}, {"model": "web.comuna", "pk": 335, "fields": {"nombre": "Calera de Tango", "region": 13}}, {"model": "web.comuna", "pk": 336, "fields": {"nombre": "Paine", "region": 13}}, {"model": "web.comuna", "pk": 337, "fields": {"nombre": "Melipilla", "region": 13}}, {"model": "web.comuna", "pk": 338, "fields": {"nombre": "Alhué", "region": 13}}, {"model": "web.comuna", "pk": 339, "fields": {"nombre": "Curacaví", "region": 13}}, {"model": "web.comuna", "pk": 340, "fields": {"nombre": "María Pinto", "region": 13}}, {"model": "web.comuna", "pk": 341, "fields": {"nombre": "San Pedro", "region": 13}}, {"model": "web.comuna", "pk": 342, "fields": {"nombre": "Talagante", "region": 13}}, {"model": "web.comuna", "pk": 343, "fields": {"nombre": "El Monte", "region": 13}}, {"model": "web.comuna", "pk": 344, "fields": {"nombre": "Isla de Maipo", "region": 13}}, {"model": "web.comuna", "pk": 345, "fields": {"nombre": "Padre Hurtado", "region": 13}}, {"model": "web.comuna", "pk": 346, "fields": {"nombre": "Peñaflor", "region": 13}}, {"model": "web.inmueble", "pk": "14aa864a-abcb-4eb0-b35b-4f2bf79c4eb3", "fields": {"nombre": "Departamento en alquiler", "descripcion": "Moderno departamento con excelente ubicación.", "m2_construidos": 75, "m2_totales": null, "estacionamientos": 1, "habitaciones": 3, "banos": 2, "direccion": "Calle Principal 123", "region": 15, "comuna": 1, "tipo_inmueble": "departamento", "estado_inmueble": "disponible", "precio": "500000.00", "arrendador": 1, "fecha_creacion": "2023-06-10", "imagen": "", "visitas": 0}}, {"model": "web.inmueble", "pk": "1d6a4c07-5289-4b30-990d-f28fafcfe67b", "fields": {"nombre": "Casa con jardín", "descripcion": "Encantadora casa con amplio jardín y terraza.", "m2_construidos": 130, "m2_totales": null, "estacionamientos": 2, "habitaciones": 4, "banos": 3, "direccion": "Avenida Secundaria 987", "region": 15, "comuna": 1, "tipo_inmueble": "casa", "estado_inmueble": "disponible", "precio": "900000.00", "arrendador": 1, "fecha_creacion": "2023-05-28", "imagen": "", "visitas": 0}}, {"model": "web.inmueble", "pk": "22516e81-efe2-4a46-9fc8-c32f3ec702e0", "fields": {"nombre": "Casa en Mejillones", "descripcion": "Es una casa en Mejillones", "m2_construidos": 80, "m2_totales": 120, "estacionamientos": 1, "habitaciones": 4, "banos": 2, "direccion": "Su dirección", "region": 2, "comuna": 13, "tipo_inmueble": "departamento", "estado_inmueble": "arrendado", "precio": "1200000.00", "arrendador": 3, "fecha_creacion": "2024-05-29", "imagen": "", "visitas": 92}}, {"model": "web.inmueble", "pk": "32aba07f-0283-4b7e-b006-a164564bac0a", "fields": {"nombre": "Local en strip center", "descripcion": "Estratégico local comercial en concurrido strip center.", "m2_construidos": 55, "m2_totales": null, "estacionamientos": 0, "habitaciones": 0, "banos": 1, "direccion": "Avenida Principal 654", "region": 15, "comuna": 1, "tipo_inmueble": "parcela", "estado_inmueble": "arrendado", "precio": "950000.00", "arrendador": 1, "fecha_creacion": "2023-05-26", "imagen": "", "visitas": 1}}, {"model": "web.inmueble", "pk": "45e102be-2913-411c-a572-874dd924f3d0", "fields": {"nombre": "Casa familiar", "descripcion": "Casa esquina de 3 pisos con movilización a la puerta, ubicada en la zona alta de la ciudad.", "m2_construidos": 250, "m2_totales": 120, "estacionamientos": 1, "habitaciones": 8, "banos": 2, "direccion": "El Roble 690", "region": 2, "comuna": 12, "tipo_inmueble": "casa", "estado_inmueble": "arrendado", "precio": "1200000.00", "arrendador": 4, "fecha_creacion": "2024-06-06", "imagen": "inmuebles/deal-03_X2u3QgI.jpg", "visitas": 0}}, {"model": "web.inmueble", "pk": "4b42b3ea-64bf-4b79-a67e-b39e82128899", "fields": {"nombre": "Oficina amoblada", "descripcion": "Moderna oficina amoblada en edificio de negocios.", "m2_construidos": 80, "m2_totales": null, "estacionamientos": 1, "habitaciones": 1, "banos": 1, "direccion": "Calle Comercial 987", "region": 15, "comuna": 1, "tipo_inmueble": "parcela", "estado_inmueble": "disponible", "precio": "700000.00", "arrendador": 1, "fecha_creacion": "2023-06-04", "imagen": "", "visitas": 0}}, {"model": "web.inmueble", "pk": "5a7e33b6-12a7-429f-8839-2a6aed6a33db", "fields": {"nombre": "Departamento en edificio nuevo", "descripcion": "Moderno departamento en edificio de reciente construcción.", "m2_construidos": 80, "m2_totales": null, "estacionamientos": 1, "habitaciones": 3, "banos": 2, "direccion": "Calle Residencial 123", "region": 15, "comuna": 1, "tipo_inmueble": "departamento", "estado_inmueble": "disponible", "precio": "600000.00", "arrendador": 1, "fecha_creacion": "2023-05-25", "imagen": "", "visitas": 0}}, {"model": "web.inmueble", "pk": "5dac44f7-6b06-43a8-b6ce-e3b6e58aaa49", "fields": {"nombre": "Casa con piscina", "descripcion": "Amplia casa con piscina y jardín privado.", "m2_construidos": 180, "m2_totales": null, "estacionamientos": 3, "habitaciones": 5, "banos": 4, "direccion": "Avenida Secundaria 654", "region": 15, "comuna": 1, "tipo_inmueble": "casa", "estado_inmueble": "disponible", "precio": "1500000.00", "arrendador": 1, "fecha_creacion": "2023-06-05", "imagen": "", "visitas": 1}}, {"model": "web.inmueble", "pk": "630c6298-72ac-4efa-b90b-e7f01c323cf7", "fields": {"nombre": "Oficina en alquiler", "descripcion": "Espaciosa oficina en edificio comercial.", "m2_construidos": 90, "m2_totales": null, "estacionamientos": 0, "habitaciones": 2, "banos": 1, "direccion": "Calle Comercial 789", "region": 15, "comuna": 1, "tipo_inmueble": "parcela", "estado_inmueble": "disponible", "precio": "600000.00", "arrendador": 1, "fecha_creacion": "2023-06-08", "imagen": "", "visitas": 0}}, {"model": "web.inmueble", "pk": "7a41e839-21c8-4521-8d0e-07c397995127", "fields": {"nombre": "Local en centro comercial", "descripcion": "Estratégico local comercial en concurrido centro comercial.", "m2_construidos": 50, "m2_totales": null, "estacionamientos": 0, "habitaciones": 0, "banos": 1, "direccion": "Avenida Principal 654", "region": 15, "comuna": 1, "tipo_inmueble": "parcela", "estado_inmueble": "disponible", "precio": "1000000.00", "arrendador": 1, "fecha_creacion": "2023-06-03", "imagen": "", "visitas": 0}}, {"model": "web.inmueble", "pk": "83d885bb-b14e-45b7-97ed-36f72117fdea", "fields": {"nombre": "Casa en vitacura", "descripcion": "Esta es otra prueba", "m2_construidos": 60, "m2_totales": 80, "estacionamientos": 1, "habitaciones": 4, "banos": 2, "direccion": "Es una dirección de Vitacura", "region": 13, "comuna": 326, "tipo_inmueble": "casa", "estado_inmueble": "disponible", "precio": "1500000.00", "arrendador": 1, "fecha_creacion": "2024-05-29", "imagen": "inmuebles/banner-03.jpg", "visitas": 36}}, {"model": "web.inmueble", "pk": "86142697-9ff7-42d5-bf38-ae2c0b643a3b", "fields": {"nombre": "Hermosa Casita", "descripcion": "Es una casita chiquitita así...", "m2_construidos": 100, "m2_totales": 80, "estacionamientos": 1, "habitaciones": 4, "banos": 2, "direccion": "Es alguna dirección de Copiapó", "region": 3, "comuna": 21, "tipo_inmueble": "casa", "estado_inmueble": "arrendado", "precio": "800000.00", "arrendador": 3, "fecha_creacion": "2024-06-05", "imagen": "inmuebles/deal-03.jpg", "visitas": 5}}, {"model": "web.inmueble", "pk": "92c3cba3-ce9f-497d-a9c1-33794e236278", "fields": {"nombre": "Casa en Providencia", "descripcion": "Es una casita en providencia", "m2_construidos": 60, "m2_totales": 80, "estacionamientos": 1, "habitaciones": 4, "banos": 2, "direccion": "Es una dirección de Providencia", "region": 13, "comuna": 316, "tipo_inmueble": "departamento", "estado_inmueble": "disponible", "precio": "9000.00", "arrendador": 3, "fecha_creacion": "2024-05-29", "imagen": "", "visitas": 31}}, {"model": "web.inmueble", "pk": "95240ca9-f241-40d6-bd5b-314d0dc64c1b", "fields": {"nombre": "Casa en condominio", "descripcion": "Acogedora casa ubicada en condominio seguro.", "m2_construidos": 150, "m2_totales": null, "estacionamientos": 2, "habitaciones": 4, "banos": 3, "direccion": "Avenida Secundaria 987", "region": 15, "comuna": 1, "tipo_inmueble": "casa", "estado_inmueble": "disponible", "precio": "1000000.00", "arrendador": 1, "fecha_creacion": "2023-06-01", "imagen": "", "visitas": 0}}, {"model": "web.inmueble", "pk": "9dbb69c3-dd33-4c36-847a-3c9d07e2799b", "fields": {"nombre": "Esta es mi primera propiedad", "descripcion": "Es una casita chiquita así.", "m2_construidos": 80, "m2_totales": 120, "estacionamientos": 1, "habitaciones": 4, "banos": 2, "direccion": "Su dirección", "region": 2, "comuna": 17, "tipo_inmueble": "departamento", "estado_inmueble": "disponible", "precio": "1200000.00", "arrendador": 3, "fecha_creacion": "2024-05-29", "imagen": "", "visitas": 13}}, {"model": "web.inmueble", "pk": "b34dc613-03b8-4480-a6c0-8bbd91a19fa0", "fields": {"nombre": "Departamento amoblado", "descripcion": "Acogedor departamento completamente amoblado.", "m2_construidos": 65, "m2_totales": null, "estacionamientos": 1, "habitaciones": 2, "banos": 1, "direccion": "Calle Residencial 321", "region": 15, "comuna": 1, "tipo_inmueble": "departamento", "estado_inmueble": "disponible", "precio": "450000.00", "arrendador": 1, "fecha_creacion": "2023-06-06", "imagen": "", "visitas": 0}}, {"model": "web.inmueble", "pk": "b9fad421-285e-454d-abb6-ca614a6e1d20", "fields": {"nombre": "Local en zona comercial", "descripcion": "Amplio local comercial en zona de alto movimiento.", "m2_construidos": 70, "m2_totales": null, "estacionamientos": 0, "habitaciones": 0, "banos": 1, "direccion": "Avenida Principal 321", "region": 15, "comuna": 1, "tipo_inmueble": "parcela", "estado_inmueble": "disponible", "precio": "1100000.00", "arrendador": 1, "fecha_creacion": "2023-05-30", "imagen": "", "visitas": 0}}, {"model": "web.inmueble", "pk": "bd5ce9b7-7336-45c0-ac4b-1ae14538cfff", "fields": {"nombre": "Departamento con vista al mar", "descripcion": "Hermoso departamento con vista panorámica al mar.", "m2_construidos": 85, "m2_totales": null, "estacionamientos": 1, "habitaciones": 3, "banos": 2, "direccion": "Calle Costanera 123", "region": 15, "comuna": 1, "tipo_inmueble": "departamento", "estado_inmueble": "disponible", "precio": "650000.00", "arrendador": 1, "fecha_creacion": "2023-06-02", "imagen": "", "visitas": 0}}, {"model": "web.inmueble", "pk": "bde1803b-bd37-4ec8-8edf-9b35d1281efb", "fields": {"nombre": "Casa en venta", "descripcion": "Acogedora casa con amplio jardín.", "m2_construidos": 120, "m2_totales": null, "estacionamientos": 2, "habitaciones": 4, "banos": 3, "direccion": "Avenida Secundaria 456", "region": 15, "comuna": 1, "tipo_inmueble": "casa", "estado_inmueble": "disponible", "precio": "800000.00", "arrendador": 1, "fecha_creacion": "2023-06-09", "imagen": "", "visitas": 0}}, {"model": "web.inmueble", "pk": "c44dac5b-b469-475d-a6cc-4127c3cde747", "fields": {"nombre": "Oficina en edificio inteligente", "descripcion": "Oficina de alta tecnología en edificio inteligente.", "m2_construidos": 85, "m2_totales": null, "estacionamientos": 1, "habitaciones": 1, "banos": 1, "direccion": "Calle Comercial 456", "region": 15, "comuna": 1, "tipo_inmueble": "parcela", "estado_inmueble": "disponible", "precio": "700000.00", "arrendador": 1, "fecha_creacion": "2023-05-23", "imagen": "", "visitas": 0}}, {"model": "web.inmueble", "pk": "c96d1ddb-4f18-4bd6-939f-954588ecdd2f", "fields": {"nombre": "Local comercial en venta", "descripcion": "Céntrico local comercial en zona de alto tráfico.", "m2_construidos": 60, "m2_totales": null, "estacionamientos": 0, "habitaciones": 0, "banos": 1, "direccion": "Avenida Principal 987", "region": 15, "comuna": 1, "tipo_inmueble": "parcela", "estado_inmueble": "disponible", "precio": "1200000.00", "arrendador": 1, "fecha_creacion": "2023-06-07", "imagen": "", "visitas": 0}}, {"model": "web.inmueble", "pk": "d23a01e3-38d2-4789-9b72-7b5cbd374248", "fields": {"nombre": "Casa en barrio tranquilo", "descripcion": "Acogedora casa ubicada en un tranquilo barrio residencial.", "m2_construidos": 110, "m2_totales": null, "estacionamientos": 1, "habitaciones": 3, "banos": 2, "direccion": "Avenida Secundaria 321", "region": 15, "comuna": 1, "tipo_inmueble": "casa", "estado_inmueble": "disponible", "precio": "850000.00", "arrendador": 1, "fecha_creacion": "2023-05-24", "imagen": "", "visitas": 0}}, {"model": "web.inmueble", "pk": "db96bb41-490d-48f9-ad35-2f3c391e0282", "fields": {"nombre": "Oficina en zona financiera", "descripcion": "Moderna oficina en el corazón de la zona financiera.", "m2_construidos": 95, "m2_totales": null, "estacionamientos": 1, "habitaciones": 2, "banos": 2, "direccion": "Calle Comercial 789", "region": 15, "comuna": 1, "tipo_inmueble": "parcela", "estado_inmueble": "disponible", "precio": "750000.00", "arrendador": 1, "fecha_creacion": "2023-05-27", "imagen": "", "visitas": 0}}, {"model": "web.inmueble", "pk": "f8683901-7991-4115-8be5-8b5248cfd088", "fields": {"nombre": "Oficina en edificio corporativo", "descripcion": "Amplia oficina en moderno edificio corporativo.", "m2_construidos": 100, "m2_totales": null, "estacionamientos": 1, "habitaciones": 2, "banos": 2, "direccion": "Calle Comercial 456", "region": 15, "comuna": 1, "tipo_inmueble": "parcela", "estado_inmueble": "disponible", "precio": "800000.00", "arrendador": 1, "fecha_creacion": "2023-05-31", "imagen": "", "visitas": 0}}, {"model": "web.inmueble", "pk": "fc52f6d1-9d24-4658-84e7-54368789895c", "fields": {"nombre": "Es otra prueba", "descripcion": "Es otra casita chiquita así.", "m2_construidos": 50, "m2_totales": 70, "estacionamientos": 1, "habitaciones": 3, "banos": 1, "direccion": "Es otra dirección", "region": 11, "comuna": 277, "tipo_inmueble": "departamento", "estado_inmueble": "arrendado", "precio": "250000.00", "arrendador": 3, "fecha_creacion": "2024-06-05", "imagen": "inmuebles/deal-01_hSKXlB5.jpg", "visitas": 2}}, {"model": "web.inmueble", "pk": "fd19ffbe-3eda-47a7-8841-dfae5b10544f", "fields": {"nombre": "Departamento con terraza", "descripcion": "Luminoso departamento con amplia terraza.", "m2_construidos": 70, "m2_totales": null, "estacionamientos": 1, "habitaciones": 2, "banos": 1, "direccion": "Calle Residencial 654", "region": 15, "comuna": 1, "tipo_inmueble": "departamento", "estado_inmueble": "disponible", "precio": "550000.00", "arrendador": 1, "fecha_creacion": "2023-05-29", "imagen": "", "visitas": 0}}]